id;nombre;apellido;dni;direccion;email;horas_de_vuelo;foto;foto_content_type
1;Jordania monetize Reducido;generating Lituania Pelota;"27410548L";facilitate;"K,Etlp@u36V.o*(";76226;../fake-data/blob/hipster.png;image/png
2;Zapatos withdrawal Algodón;Cambridgeshire Inteligente;"63604803E";payment de Obligatorio;"c#@.y|.7";66193;../fake-data/blob/hipster.png;image/png
3;CFP Algodón;hacking Sopa;"43804220J";Personal web;"7{@iz;.4*^cWu";43541;../fake-data/blob/hipster.png;image/png
4;Algodón Monitorizado calculate;a ElXXXXXX;"59216908N";Checking hardware;"LS'|z@rP;{3c.N*-.;Q";15028;../fake-data/blob/hipster.png;image/png
5;BerkshireX;Deportes Account Negro;"98432299J";GrupoXXXXX;"(i-@'.QLt";3827;../fake-data/blob/hipster.png;image/png
6;Operaciones Moda;BicicletaX;"80142775J";efficient Silla Ladrillo;"{RPD,@qQ8.sh8";70316;../fake-data/blob/hipster.png;image/png
7;communities Bacon;Dinánmico Pound Granito;"19800323V";Algodón connecting;"LKqA@1:.fp?";93268;../fake-data/blob/hipster.png;image/png
8;Compartible Buckinghamshire de;turn-keyXX;"95969307C";de microchip;"aj@9TwU.5S&SV";97846;../fake-data/blob/hipster.png;image/png
9;RefinadoXX;orientada Account Queso;"17260658A";virtual deposit;"D,T4RN@X%.xzw";17958;../fake-data/blob/hipster.png;image/png
10;Avon e-markets;world-class architectures;"43701386K";Soluciones;"_s1d:j@v3.peT7v";2549;../fake-data/blob/hipster.png;image/png
